{
	"format_version": "1.12.0",
	"minecraft:geometry": [
		{
			"description": {
				"identifier": "geometry.example_entity",
				"texture_width": 16,
				"texture_height": 16,
				"visible_bounds_width": 2,
				"visible_bounds_height": 2.5,
				"visible_bounds_offset": [0, 0.75, 0]
			},
			"bones": [
				{
					"name": "bb_main",
					"pivot": [0, 0, 0],
					"cubes": [
						{
							"origin": [-4, 0, -4],
							"size": [8, 3, 8],
							"uv": {
								"north": {"uv": [0.25, 0.25], "uv_size": [0.5, 0.5]},
								"east": {"uv": [1.25, 0.25], "uv_size": [0.5, 0.5]},
								"south": {"uv": [2.25, 0.25], "uv_size": [0.5, 0.5]},
								"west": {"uv": [3.25, 0.25], "uv_size": [0.5, 0.5]},
								"up": {"uv": [4.75, 0.75], "uv_size": [-0.5, -0.5]},
								"down": {"uv": [5.75, 0.75], "uv_size": [-0.5, -0.5]}
							}
						},
						{
							"origin": [-7, 3, -7],
							"size": [14, 3, 14],
							"uv": {
								"north": {"uv": [6.25, 0.25], "uv_size": [0.5, 0.5]},
								"east": {"uv": [7.25, 0.25], "uv_size": [0.5, 0.5]},
								"south": {"uv": [8.25, 0.25], "uv_size": [0.5, 0.5]},
								"west": {"uv": [9.25, 0.25], "uv_size": [0.5, 0.5]},
								"up": {"uv": [10.75, 0.75], "uv_size": [-0.5, -0.5]},
								"down": {"uv": [11.75, 0.75], "uv_size": [-0.5, -0.5]}
							}
						},
						{
							"origin": [-1, 6, -4],
							"size": [2, 5, 8],
							"uv": {
								"north": {"uv": [12.25, 0.25], "uv_size": [0.5, 0.5]},
								"east": {"uv": [13.25, 0.25], "uv_size": [0.5, 0.5]},
								"south": {"uv": [14.25, 0.25], "uv_size": [0.5, 0.5]},
								"west": {"uv": [15.25, 0.25], "uv_size": [0.5, 0.5]},
								"up": {"uv": [0.75, 1.75], "uv_size": [-0.5, -0.5]},
								"down": {"uv": [1.75, 1.75], "uv_size": [-0.5, -0.5]}
							}
						},
						{
							"origin": [-4, 11, -7],
							"size": [3, 3, 14],
							"uv": {
								"north": {"uv": [2.25, 1.25], "uv_size": [0.5, 0.5]},
								"east": {"uv": [3.25, 1.25], "uv_size": [0.5, 0.5]},
								"south": {"uv": [4.25, 1.25], "uv_size": [0.5, 0.5]},
								"west": {"uv": [5.25, 1.25], "uv_size": [0.5, 0.5]},
								"up": {"uv": [6.75, 1.75], "uv_size": [-0.5, -0.5]},
								"down": {"uv": [7.75, 1.75], "uv_size": [-0.5, -0.5]}
							}
						},
						{
							"origin": [1, 11, -7],
							"size": [3, 3, 14],
							"uv": {
								"north": {"uv": [8.25, 1.25], "uv_size": [0.5, 0.5]},
								"east": {"uv": [9.25, 1.25], "uv_size": [0.5, 0.5]},
								"south": {"uv": [10.25, 1.25], "uv_size": [0.5, 0.5]},
								"west": {"uv": [11.25, 1.25], "uv_size": [0.5, 0.5]},
								"up": {"uv": [12.75, 1.75], "uv_size": [-0.5, -0.5]},
								"down": {"uv": [13.75, 1.75], "uv_size": [-0.5, -0.5]}
							}
						}
					]
				}
			]
		}
	]
}